'name', 'errorCode'
20061.gcode,, 1
206564.gcode,, 1
206945.gcode,, 1
209088.gcode,, 1
211673.gcode,, 1
212340.gcode,, 1
22388.gcode,, 1
224679.gcode,, 1
225866.gcode,, 1
227280.gcode,, 1
228064.gcode,, 1
231616.gcode,, 1
232065.gcode,, 1
232995.gcode,, 1
234149.gcode,, 1
236365.gcode,, 1
237264.gcode,, 1
239433.gcode,, 1
240287.gcode,, 1
245608.gcode,, 1
248772.gcode,, 1
249111.gcode,, 1
250145.gcode,, 1
250552.gcode,, 1
254302.gcode,, 1
254313.gcode,, 1
254638.gcode,, 1
254943.gcode,, 1
257303.gcode,, 1
258112.gcode,, 1
264130.gcode,, 1
265694.gcode,, 1
266927.gcode,, 1
266954.gcode,, 1
26697.gcode,, 1
274441.gcode,, 1
274642.gcode,, 1
276876.gcode,, 1
278022.gcode,, 1
279298.gcode,, 1
279795.gcode,, 1
280670.gcode,, 1
284450.gcode,, 1
285827.gcode,, 1
288856.gcode,, 1
290710.gcode,, 1
292937.gcode,, 1
29346.gcode,, 1
30001.gcode,, 1
30012.gcode,, 1
30649.gcode,, 1
307200.gcode,, 1
309964.gcode,, 1
311125.gcode,, 1
31589.gcode,, 1
31729.gcode,, 1
317302.gcode,, 1
319019.gcode,, 1
321426.gcode,, 1
321566.gcode,, 1
322325.gcode,, 1
322532.gcode,, 1
326134.gcode,, 1
327745.gcode,, 1
32949.gcode,, 1
329596.gcode,, 1
330471.gcode,, 1
335934.gcode,, 1
338363.gcode,, 1
342639.gcode,, 1
348877.gcode,, 1
352298.gcode,, 1
354407.gcode,, 1
35782.gcode,, 1
358276.gcode,, 1
358277.gcode,, 1
359588.gcode,, 1
359659.gcode,, 1
363444.gcode,, 1
364587.gcode,, 1
368300.gcode,, 1
369141.gcode,, 1
372543.gcode,, 1
374404.gcode,, 1
37527.gcode,, 1
37571.gcode,, 1
376610.gcode,, 1
38290.gcode,, 1
383200.gcode,, 1
38758.gcode,, 1
388646.gcode,, 1
40034.gcode,, 1
407405.gcode,, 1
407830.gcode,, 1
408829.gcode,, 1
408850.gcode,, 1
413471.gcode,, 1
416135.gcode,, 1
422366.gcode,, 1
422830.gcode,, 1
426898.gcode,, 1
42760.gcode,, 1
429433.gcode,, 1
430200.gcode,, 1
430958.gcode,, 1
43305.gcode,, 1
434248.gcode,, 1
437346.gcode,, 1
438011.gcode,, 1
438209.gcode,, 1
441087.gcode,, 1
441417.gcode,, 1
442553.gcode,, 1
446207.gcode,, 1
450035.gcode,, 1
452426.gcode,, 1
452430.gcode,, 1
453450.gcode,, 1
455316.gcode,, 1
459747.gcode,, 1
46115.gcode,, 1
461544.gcode,, 1
464578.gcode,, 1
471864.gcode,, 1
473723.gcode,, 1
475233.gcode,, 1
475431.gcode,, 1
475912.gcode,, 1
482005.gcode,, 1
485353.gcode,, 1
485623.gcode,, 1
487526.gcode,, 1
488215.gcode,, 1
488249.gcode,, 1
489111.gcode,, 1
489181.gcode,, 1
492724.gcode,, 1
495182.gcode,, 1
49587.gcode,, 1
496262.gcode,, 1
49715.gcode,, 1
499828.gcode,, 1
50330.gcode,, 1
504270.gcode,, 1
507797.gcode,, 1
518621.gcode,, 1
520238.gcode,, 1
525667.gcode,, 1
52684.gcode,, 1
529337.gcode,, 1
531118.gcode,, 1
532587.gcode,, 1
53557.gcode,, 1
536978.gcode,, 1
540932.gcode,, 1
544668.gcode,, 1
544915.gcode,, 1
550604.gcode,, 1
550947.gcode,, 1
553400.gcode,, 1
565596.gcode,, 1
571852.gcode,, 1
572616.gcode,, 1
578088.gcode,, 1
578202.gcode,, 1
579018.gcode,, 1
583257.gcode,, 1
583955.gcode,, 1
587049.gcode,, 1
587227.gcode,, 1
5996.gcode,, 1
608208.gcode,, 1
612010.gcode,, 1
614366.gcode,, 1
615075.gcode,, 1
615408.gcode,, 1
618136.gcode,, 1
621099.gcode,, 1
621959.gcode,, 1
625471.gcode,, 1
625764.gcode,, 1
626720.gcode,, 1
629852.gcode,, 1
63093.gcode,, 1
632157.gcode,, 1
635242.gcode,, 1
639856.gcode,, 1
643506.gcode,, 1
644531.gcode,, 1
646499.gcode,, 1
650511.gcode,, 1
65106.gcode,, 1
651528.gcode,, 1
652067.gcode,, 1
652345.gcode,, 1
652433.gcode,, 1
662148.gcode,, 1
67112.gcode,, 1
674162.gcode,, 1
674586.gcode,, 1
68351.gcode,, 1
683966.gcode,, 1
685190.gcode,, 1
686803.gcode,, 1
687659.gcode,, 1
688332.gcode,, 1
69041.gcode,, 1
69258.gcode,, 1
69259.gcode,, 1
693374.gcode,, 1
697861.gcode,, 1
700379.gcode,, 1
709439.gcode,, 1
712744.gcode,, 1
716198.gcode,, 1
716268.gcode,, 1
716786.gcode,, 1
717175.gcode,, 1
720016.gcode,, 1
721240.gcode,, 1
722066.gcode,, 1
723171.gcode,, 1
725470.gcode,, 1
726.gcode,, 1
726004.gcode,, 1
726829.gcode,, 1
727616.gcode,, 1
729354.gcode,, 1
730596.gcode,, 1
731367.gcode,, 1
732038.gcode,, 1
734361.gcode,, 1
73535.gcode,, 1
738539.gcode,, 1
739176.gcode,, 1
741205.gcode,, 1
743770.gcode,, 1
745104.gcode,, 1
746097.gcode,, 1
746318.gcode,, 1
749544.gcode,, 1
752586.gcode,, 1
756585.gcode,, 1
756787.gcode,, 1
756962.gcode,, 1
75753.gcode,, 1
758191.gcode,, 1
758210.gcode,, 1
758296.gcode,, 1
758441.gcode,, 1
758610.gcode,, 1
758947.gcode,, 1
761863.gcode,, 1
762106.gcode,, 1
763183.gcode,, 1
765205.gcode,, 1
766098.gcode,, 1
766149.gcode,, 1
766969.gcode,, 1
768215.gcode,, 1
768225.gcode,, 1
768229.gcode,, 1
768285.gcode,, 1
768366.gcode,, 1
769451.gcode,, 1
770060.gcode,, 1
771316.gcode,, 1
771771.gcode,, 1
772630.gcode,, 1
772686.gcode,, 1
772939.gcode,, 1
774461.gcode,, 1
776713.gcode,, 1
778888.gcode,, 1
779063.gcode,, 1
780433.gcode,, 1
780746.gcode,, 1
78469.gcode,, 1
79274.gcode,, 1
794639.gcode,, 1
799518.gcode,, 1
799922.gcode,, 1
802100.gcode,, 1
802578.gcode,, 1
804162.gcode,, 1
807745.gcode,, 1
811326.gcode,, 1
815165.gcode,, 1
827883.gcode,, 1
833886.gcode,, 1
838219.gcode,, 1
838604.gcode,, 1
84355.gcode,, 1
847580.gcode,, 1
85446.gcode,, 1
860091.gcode,, 1
864045.gcode,, 1
865580.gcode,, 1
868407.gcode,, 1
877292.gcode,, 1
879557.gcode,, 1
885418.gcode,, 1
885650.gcode,, 1
890640.gcode,, 1
894764.gcode,, 1
8948.gcode,, 1
897884.gcode,, 1
901823.gcode,, 1
902127.gcode,, 1
905548.gcode,, 1
909570.gcode,, 1
923396.gcode,, 1
929666.gcode,, 1
930163.gcode,, 1
930577.gcode,, 1
933231.gcode,, 1
933470.gcode,, 1
935107.gcode,, 1
939136.gcode,, 1
939391.gcode,, 1
942277.gcode,, 1
948375.gcode,, 1
948575.gcode,, 1
949472.gcode,, 1
950166.gcode,, 1
950925.gcode,, 1
952643.gcode,, 1
95511.gcode,, 1
957482.gcode,, 1
962909.gcode,, 1
968734.gcode,, 1
968784.gcode,, 1
972050.gcode,, 1
972286.gcode,, 1
974097.gcode,, 1
976603.gcode,, 1
979313.gcode,, 1
980053.gcode,, 1
982807.gcode,, 1
983851.gcode,, 1
985775.gcode,, 1
986828.gcode,, 1
993523.gcode,, 1
996062.gcode,, 1
997313.gcode,, 1
998539.gcode,, 1
998848.gcode,, 1
